dt/s,T_center,T_surface,C_center,C_surface,n_steps
10.0,33.58738883801364,36.79263893801122,2.5499895801515797,1.511110835600273,180
5.0,33.58135486183538,36.78910010058863,2.5499910516380253,1.510672763366638,360
2.0,33.57774555954359,36.78697639385811,2.549991876594218,1.5104098774797607,900
1.0,33.57654457785088,36.78626844980314,2.5499921420179885,1.5103222423241829,1800
0.5,33.575944513735124,36.78591447236621,2.549992272946275,1.5102784236338997,3600
0.25,33.57564459125052,36.78573748231515,2.5499923379654774,1.5102565140341238,7200
0.1,33.575464673425486,36.78563128798557,2.5499923768347723,1.5102433682008471,18001
0.05,33.5754047067355,36.7855958898496,2.5499923897675885,1.510238986245215,36001
0.02,33.57536872828712,36.78557465090626,2.5499923975217675,1.5102363570696007,90001
